Workbook

Sheet Table of Contents
A1: Table of Contents
A2: Sheet Name | B2: Description
A3: Executive Summary | B3: High-level summary of key insights, findings, and conclusions derived from the analysis.
A4: conversion_funnel | B4: Analysis of customer conversion rates across key event stages within funnel.
A5: cohort_analysis | B5: Analytical view of customer retention patterns by cohort, grouped by first purchase date and tracked accross cohort ages.
A6: retention_rates | B6: Calculation of customer retention rates across cohort ages based on first purchase dates.
A7: purchase_activity | B7: Processed purchase activity data derived from raw user activity and filtered by purchase events.
A8: first_purchase_date | B8: Derived table identifying each customer’s first recorded purchase date.
A9: raw_user_activity | B9: Raw, unprocessed user activity data used as the primary data source for analysis.
A14: Legend
A15: Summaries
A16: Analysis
A17: Calculations
A18: Raw Data

Sheet Executive Summary
A1: Executive Summary
A4: Results | B4: Synopsis
A5: Conversion Funnel | B5: The overall customer conversion rate is 10.34%, calculated across the three key funnel event types.
A6: Retention Rates | B6: Customer retention rates are relatively low when analyzed by first purchase month across the observed cohort ages.
A9: Analysis | B9: Description
A10: Raw Data | B10: The raw data was filtered and used as the primary data source for the entire analysis. It includes event dates, user IDs, and event types, which form the foundation for all subsequent analyses.
A11: Conversion Funnel | B11: The conversion funnel is structured using three key event types and analyzes customer progression through each stage based on counts of unique users per event.
A12: Retention Rates | B12: Retention rates are calculated based on the number of unique customers, grouped by their first purchase month and tracked across cohort ages to evaluate repeat customer behavior over time.

Sheet conversion_funnel
A1: event_type | B1: COUNTUNIQUE of user_id | C1: conversion_rate | D1: total_conversion_rate
A2: view | B2: 10453
A3: shopping_cart | B3: 3036 | C3: =B3/B2 -> 0.29044294 | D3: =B3/$B2 -> 0.29044294
A4: purchase | B4: 1081 | C4: =B4/B3 -> 0.35606061 | D4: =B4/B2 -> 0.10341529

Sheet cohort_analysis
A1: COUNTUNIQUE of user_id | B1: cohort_age
A2: first_purchase_month | B2: 0 | C2: 1 | D2: 2 | E2: 3 | F2: 4
A3: 2020-09 | B3: 32 | C3: 4 | D3: 2 | F3: 1
A4: 2020-10 | B4: 187 | C4: 14 | D4: 7 | E4: 1 | F4: 1
A5: 2020-11 | B5: 238 | C5: 13 | D5: 7 | E5: 1
A6: 2020-12 | B6: 203 | C6: 9 | D6: 6
A7: 2021-01 | B7: 233 | C7: 16
A8: 2021-02 | B8: 188

Sheet retention_rates
B1: cohort_age
A2: first_purchase_month | B2: 1 | C2: 2 | D2: 3 | E2: 4
A3: 2020-09 | B3: =cohort_analysis!C3/cohort_analysis!$B3 -> 0.125 | C3: =cohort_analysis!D3/cohort_analysis!$B3 -> 0.0625 | D3: =cohort_analysis!E3/cohort_analysis!$B3 -> 0 | E3: =cohort_analysis!F3/cohort_analysis!$B3 -> 0.03125
A4: 2020-10 | B4: =cohort_analysis!C4/cohort_analysis!$B4 -> 0.07486631 | C4: =cohort_analysis!D4/cohort_analysis!$B4 -> 0.037433155 | D4: =cohort_analysis!E4/cohort_analysis!$B4 -> 0.0053475936 | E4: =cohort_analysis!F4/cohort_analysis!$B4 -> 0.0053475936
A5: 2020-11 | B5: =cohort_analysis!C5/cohort_analysis!$B5 -> 0.054621849 | C5: =cohort_analysis!D5/cohort_analysis!$B5 -> 0.029411765 | D5: =cohort_analysis!E5/cohort_analysis!$B5 -> 0.0042016807 | E5: =cohort_analysis!F5/cohort_analysis!$B5 -> 0
A6: 2020-12 | B6: =cohort_analysis!C6/cohort_analysis!$B6 -> 0.044334975 | C6: =cohort_analysis!D6/cohort_analysis!$B6 -> 0.02955665 | D6: =cohort_analysis!E6/cohort_analysis!$B6 -> 0 | E6: =cohort_analysis!F6/cohort_analysis!$B6 -> 0
A7: 2021-01 | B7: =cohort_analysis!C7/cohort_analysis!$B7 -> 0.068669528 | C7: =cohort_analysis!D7/cohort_analysis!$B7 -> 0 | D7: =cohort_analysis!E7/cohort_analysis!$B7 -> 0 | E7: =cohort_analysis!F7/cohort_analysis!$B7 -> 0

Sheet purchase_activity
A1: user_id | B1: event_type | C1: category_code | D1: brand | E1: price | F1: event_date | G1: first_purchase_date | H1: event_month | I1: first_purchase_month | J1: cohort_age
A2: a1515915625519397646 | B2: purchase | C2: computers.peripherals.camera | D2: logitech | E2: 123.35 | F2: 44098 | G2: =VLOOKUP(A2,first_purchase_date!A:B,2,false) -> 44098 | H2: =text(F2,"yyyy-mm") -> 2020-09 | I2: =text(G2,"yyyy-mm") -> 2020-09 | J2: =datedif(I2,H2,"m") -> 0
A3: a1515915625519397646 | B3: purchase | C3: computers.peripherals.camera | D3: logitech | E3: 123.35 | F3: 44098 | G3: =VLOOKUP(A3,first_purchase_date!A:B,2,false) -> 44098 | H3: =text(F3,"yyyy-mm") -> 2020-09 | I3: =text(G3,"yyyy-mm") -> 2020-09 | J3: =datedif(I3,H3,"m") -> 0
A4: a1515915625519397646 | B4: purchase | C4: computers.peripherals.camera | D4: logitech | E4: 123.35 | F4: 44098 | G4: =VLOOKUP(A4,first_purchase_date!A:B,2,false) -> 44098 | H4: =text(F4,"yyyy-mm") -> 2020-09 | I4: =text(G4,"yyyy-mm") -> 2020-09 | J4: =datedif(I4,H4,"m") -> 0
A5: a1515915625358482476 | B5: purchase | C5: computers.components.tv_tuner | D5: perfeo | E5: 19.49 | F5: 44098 | G5: =VLOOKUP(A5,first_purchase_date!A:B,2,false) -> 44098 | H5: =text(F5,"yyyy-mm") -> 2020-09 | I5: =text(G5,"yyyy-mm") -> 2020-09 | J5: =datedif(I5,H5,"m") -> 0
A6: a1515915625519463641 | B6: purchase | C6: stationery.cartrige | D6: hp | E6: 71.02 | F6: 44098 | G6: =VLOOKUP(A6,first_purchase_date!A:B,2,false) -> 44098 | H6: =text(F6,"yyyy-mm") -> 2020-09 | I6: =text(G6,"yyyy-mm") -> 2020-09 | J6: =datedif(I6,H6,"m") -> 0
A7: a1515915625519463641 | B7: purchase | C7: stationery.cartrige | D7: hp | E7: 71.02 | F7: 44098 | G7: =VLOOKUP(A7,first_purchase_date!A:B,2,false) -> 44098 | H7: =text(F7,"yyyy-mm") -> 2020-09 | I7: =text(G7,"yyyy-mm") -> 2020-09 | J7: =datedif(I7,H7,"m") -> 0
A8: a1515915625519463641 | B8: purchase | C8: stationery.cartrige | D8: hp | E8: 71.02 | F8: 44098 | G8: =VLOOKUP(A8,first_purchase_date!A:B,2,false) -> 44098 | H8: =text(F8,"yyyy-mm") -> 2020-09 | I8: =text(G8,"yyyy-mm") -> 2020-09 | J8: =datedif(I8,H8,"m") -> 0
A9: a1515915625503751892 | B9: purchase | C9: appliances.environment.vacuum | D9: topon | E9: 35.87 | F9: 44098 | G9: =VLOOKUP(A9,first_purchase_date!A:B,2,false) -> 44098 | H9: =text(F9,"yyyy-mm") -> 2020-09 | I9: =text(G9,"yyyy-mm") -> 2020-09 | J9: =datedif(I9,H9,"m") -> 0
A10: a1515915625519463641 | B10: purchase | C10: stationery.cartrige | D10: hp | E10: 71.02 | F10: 44098 | G10: =VLOOKUP(A10,first_purchase_date!A:B,2,false) -> 44098 | H10: =text(F10,"yyyy-mm") -> 2020-09 | I10: =text(G10,"yyyy-mm") -> 2020-09 | J10: =datedif(I10,H10,"m") -> 0
A11: a1515915625385888878 | B11: purchase | C11: stationery.cartrige | D11: cactus | E11: 24.73 | F11: 44099 | G11: =VLOOKUP(A11,first_purchase_date!A:B,2,false) -> 44099 | H11: =text(F11,"yyyy-mm") -> 2020-09 | I11: =text(G11,"yyyy-mm") -> 2020-09 | J11: =datedif(I11,H11,"m") -> 0
A12: a1515915625385888878 | B12: purchase | C12: stationery.cartrige | D12: cactus | E12: 24.73 | F12: 44099 | G12: =VLOOKUP(A12,first_purchase_date!A:B,2,false) -> 44099 | H12: =text(F12,"yyyy-mm") -> 2020-09 | I12: =text(G12,"yyyy-mm") -> 2020-09 | J12: =datedif(I12,H12,"m") -> 0
A13: a1515915625519762021 | B13: purchase | D13: kitfort | E13: 140.63 | F13: 44099 | G13: =VLOOKUP(A13,first_purchase_date!A:B,2,false) -> 44099 | H13: =text(F13,"yyyy-mm") -> 2020-09 | I13: =text(G13,"yyyy-mm") -> 2020-09 | J13: =datedif(I13,H13,"m") -> 0
A14: a1515915625519762021 | B14: purchase | D14: kitfort | E14: 140.63 | F14: 44099 | G14: =VLOOKUP(A14,first_purchase_date!A:B,2,false) -> 44099 | H14: =text(F14,"yyyy-mm") -> 2020-09 | I14: =text(G14,"yyyy-mm") -> 2020-09 | J14: =datedif(I14,H14,"m") -> 0
A15: a1515915625520029989 | B15: purchase | C15: stationery.cartrige | D15: hp | E15: 29.57 | F15: 44100 | G15: =VLOOKUP(A15,first_purchase_date!A:B,2,false) -> 44100 | H15: =text(F15,"yyyy-mm") -> 2020-09 | I15: =text(G15,"yyyy-mm") -> 2020-09 | J15: =datedif(I15,H15,"m") -> 0
A16: a1515915625520049345 | B16: purchase | C16: auto.accessories.player | D16: kenwood | E16: 104.86 | F16: 44100 | G16: =VLOOKUP(A16,first_purchase_date!A:B,2,false) -> 44100 | H16: =text(F16,"yyyy-mm") -> 2020-09 | I16: =text(G16,"yyyy-mm") -> 2020-09 | J16: =datedif(I16,H16,"m") -> 0
A17: a1515915625520070184 | B17: purchase | C17: computers.peripherals.printer | D17: epson | E17: 647.29 | F17: 44100 | G17: =VLOOKUP(A17,first_purchase_date!A:B,2,false) -> 44100 | H17: =text(F17,"yyyy-mm") -> 2020-09 | I17: =text(G17,"yyyy-mm") -> 2020-09 | J17: =datedif(I17,H17,"m") -> 0
A18: a1515915625520070184 | B18: purchase | C18: computers.peripherals.printer | D18: epson | E18: 647.29 | F18: 44100 | G18: =VLOOKUP(A18,first_purchase_date!A:B,2,false) -> 44100 | H18: =text(F18,"yyyy-mm") -> 2020-09 | I18: =text(G18,"yyyy-mm") -> 2020-09 | J18: =datedif(I18,H18,"m") -> 0
A19: a1515915625520070184 | B19: purchase | C19: computers.peripherals.printer | D19: epson | E19: 647.29 | F19: 44100 | G19: =VLOOKUP(A19,first_purchase_date!A:B,2,false) -> 44100 | H19: =text(F19,"yyyy-mm") -> 2020-09 | I19: =text(G19,"yyyy-mm") -> 2020-09 | J19: =datedif(I19,H19,"m") -> 0
A20: a1515915625520227072 | B20: purchase | C20: computers.peripherals.wifi | D20: ubiquiti | E20: 155.43 | F20: 44101 | G20: =VLOOKUP(A20,first_purchase_date!A:B,2,false) -> 44101 | H20: =text(F20,"yyyy-mm") -> 2020-09 | I20: =text(G20,"yyyy-mm") -> 2020-09 | J20: =datedif(I20,H20,"m") -> 0
A21: a1515915625520227072 | B21: purchase | C21: computers.peripherals.wifi | D21: ubiquiti | E21: 130.73 | F21: 44101 | G21: =VLOOKUP(A21,first_purchase_date!A:B,2,false) -> 44101 | H21: =text(F21,"yyyy-mm") -> 2020-09 | I21: =text(G21,"yyyy-mm") -> 2020-09 | J21: =datedif(I21,H21,"m") -> 0
A22: a1515915625520227072 | B22: purchase | C22: computers.peripherals.wifi | D22: ubiquiti | E22: 155.43 | F22: 44102 | G22: =VLOOKUP(A22,first_purchase_date!A:B,2,false) -> 44101 | H22: =text(F22,"yyyy-mm") -> 2020-09 | I22: =text(G22,"yyyy-mm") -> 2020-09 | J22: =datedif(I22,H22,"m") -> 0
A23: a1515915625371158307 | B23: purchase | C23: stationery.cartrige | D23: cactus | E23: 20.14 | F23: 44102 | G23: =VLOOKUP(A23,first_purchase_date!A:B,2,false) -> 44102 | H23: =text(F23,"yyyy-mm") -> 2020-09 | I23: =text(G23,"yyyy-mm") -> 2020-09 | J23: =datedif(I23,H23,"m") -> 0
A24: a1515915625371158307 | B24: purchase | C24: stationery.cartrige | D24: cactus | E24: 20.14 | F24: 44102 | G24: =VLOOKUP(A24,first_purchase_date!A:B,2,false) -> 44102 | H24: =text(F24,"yyyy-mm") -> 2020-09 | I24: =text(G24,"yyyy-mm") -> 2020-09 | J24: =datedif(I24,H24,"m") -> 0
A25: a1515915625371158307 | B25: purchase | C25: stationery.cartrige | D25: cactus | E25: 20.14 | F25: 44102 | G25: =VLOOKUP(A25,first_purchase_date!A:B,2,false) -> 44102 | H25: =text(F25,"yyyy-mm") -> 2020-09 | I25: =text(G25,"yyyy-mm") -> 2020-09 | J25: =datedif(I25,H25,"m") -> 0
A26: a1515915625371158307 | B26: purchase | C26: computers.peripherals.printer | D26: canon | E26: 192.86 | F26: 44102 | G26: =VLOOKUP(A26,first_purchase_date!A:B,2,false) -> 44102 | H26: =text(F26,"yyyy-mm") -> 2020-09 | I26: =text(G26,"yyyy-mm") -> 2020-09 | J26: =datedif(I26,H26,"m") -> 0
... A32: a1515915625520413119 | B32: purchase | C32: stationery.cartrige | D32: nv-print | E32: 17.62 | F32: 44102 | G32: =VLOOKUP(A32,first_purchase_date!A:B,2,false) -> 44102 | H32: =text(F32,"yyyy-mm") -> 2020-09 | I32: =text(G32,"yyyy-mm") -> 2020-09 | J32: =datedif(I32,H32,"m") -> 0
A33: a1515915625519991781 | B33: purchase | C33: computers.peripherals.printer | E33: 10.78 | F33: 44102 | G33: =VLOOKUP(A33,first_purchase_date!A:B,2,false) -> 44102 | H33: =text(F33,"yyyy-mm") -> 2020-09 | I33: =text(G33,"yyyy-mm") -> 2020-09 | J33: =datedif(I33,H33,"m") -> 0
A34: a1515915625519991781 | B34: purchase | C34: computers.peripherals.printer | E34: 10.78 | F34: 44102 | G34: =VLOOKUP(A34,first_purchase_date!A:B,2,false) -> 44102 | H34: =text(F34,"yyyy-mm") -> 2020-09 | I34: =text(G34,"yyyy-mm") -> 2020-09 | J34: =datedif(I34,H34,"m") -> 0
A35: a1515915625519991781 | B35: purchase | C35: computers.peripherals.printer | E35: 10.84 | F35: 44102 | G35: =VLOOKUP(A35,first_purchase_date!A:B,2,false) -> 44102 | H35: =text(F35,"yyyy-mm") -> 2020-09 | I35: =text(G35,"yyyy-mm") -> 2020-09 | J35: =datedif(I35,H35,"m") -> 0
A36: a1515915625519991781 | B36: purchase | C36: computers.peripherals.printer | E36: 10.78 | F36: 44102 | G36: =VLOOKUP(A36,first_purchase_date!A:B,2,false) -> 44102 | H36: =text(F36,"yyyy-mm") -> 2020-09 | I36: =text(G36,"yyyy-mm") -> 2020-09 | J36: =datedif(I36,H36,"m") -> 0
A37: a1515915625520433043 | B37: purchase | D37: a-data | E37: 17.89 | F37: 44102 | G37: =VLOOKUP(A37,first_purchase_date!A:B,2,false) -> 44102 | H37: =text(F37,"yyyy-mm") -> 2020-09 | I37: =text(G37,"yyyy-mm") -> 2020-09 | J37: =datedif(I37,H37,"m") -> 0
A38: a1515915625520569929 | B38: purchase | C38: electronics.tablet | E38: 12.25 | F38: 44102 | G38: =VLOOKUP(A38,first_purchase_date!A:B,2,false) -> 44102 | H38: =text(F38,"yyyy-mm") -> 2020-09 | I38: =text(G38,"yyyy-mm") -> 2020-09 | J38: =datedif(I38,H38,"m") -> 0
A39: a1515915625520569929 | B39: purchase | C39: electronics.tablet | E39: 12.25 | F39: 44102 | G39: =VLOOKUP(A39,first_purchase_date!A:B,2,false) -> 44102 | H39: =text(F39,"yyyy-mm") -> 2020-09 | I39: =text(G39,"yyyy-mm") -> 2020-09 | J39: =datedif(I39,H39,"m") -> 0
A40: a1515915625520569929 | B40: purchase | C40: electronics.tablet | E40: 12.25 | F40: 44102 | G40: =VLOOKUP(A40,first_purchase_date!A:B,2,false) -> 44102 | H40: =text(F40,"yyyy-mm") -> 2020-09 | I40: =text(G40,"yyyy-mm") -> 2020-09 | J40: =datedif(I40,H40,"m") -> 0
A41: a1515915625520569929 | B41: purchase | C41: electronics.tablet | E41: 12.25 | F41: 44102 | G41: =VLOOKUP(A41,first_purchase_date!A:B,2,false) -> 44102 | H41: =text(F41,"yyyy-mm") -> 2020-09 | I41: =text(G41,"yyyy-mm") -> 2020-09 | J41: =datedif(I41,H41,"m") -> 0
A42: a1515915625520569929 | B42: purchase | C42: electronics.tablet | E42: 12.25 | F42: 44102 | G42: =VLOOKUP(A42,first_purchase_date!A:B,2,false) -> 44102 | H42: =text(F42,"yyyy-mm") -> 2020-09 | I42: =text(G42,"yyyy-mm") -> 2020-09 | J42: =datedif(I42,H42,"m") -> 0
A43: a1515915625503751892 | B43: purchase | C43: appliances.environment.vacuum | D43: topon | E43: 35.87 | F43: 44102 | G43: =VLOOKUP(A43,first_purchase_date!A:B,2,false) -> 44098 | H43: =text(F43,"yyyy-mm") -> 2020-09 | I43: =text(G43,"yyyy-mm") -> 2020-09 | J43: =datedif(I43,H43,"m") -> 0
A44: a1515915625503751892 | B44: purchase | C44: appliances.environment.vacuum | D44: topon | E44: 35.87 | F44: 44102 | G44: =VLOOKUP(A44,first_purchase_date!A:B,2,false) -> 44098 | H44: =text(F44,"yyyy-mm") -> 2020-09 | I44: =text(G44,"yyyy-mm") -> 2020-09 | J44: =datedif(I44,H44,"m") -> 0
A45: a1515915625520609702 | B45: purchase | D45: moxom | E45: 15.71 | F45: 44102 | G45: =VLOOKUP(A45,first_purchase_date!A:B,2,false) -> 44102 | H45: =text(F45,"yyyy-mm") -> 2020-09 | I45: =text(G45,"yyyy-mm") -> 2020-09 | J45: =datedif(I45,H45,"m") -> 0
A46: a1515915625520609702 | B46: purchase | D46: moxom | E46: 15.71 | F46: 44102 | G46: =VLOOKUP(A46,first_purchase_date!A:B,2,false) -> 44102 | H46: =text(F46,"yyyy-mm") -> 2020-09 | I46: =text(G46,"yyyy-mm") -> 2020-09 | J46: =datedif(I46,H46,"m") -> 0
A47: a1515915625520609702 | B47: purchase | D47: moxom | E47: 12.14 | F47: 44102 | G47: =VLOOKUP(A47,first_purchase_date!A:B,2,false) -> 44102 | H47: =text(F47,"yyyy-mm") -> 2020-09 | I47: =text(G47,"yyyy-mm") -> 2020-09 | J47: =datedif(I47,H47,"m") -> 0
A48: a1515915625520626799 | B48: purchase | C48: computers.components.videocards | D48: msi | E48: 215.06 | F48: 44102 | G48: =VLOOKUP(A48,first_purchase_date!A:B,2,false) -> 44102 | H48: =text(F48,"yyyy-mm") -> 2020-09 | I48: =text(G48,"yyyy-mm") -> 2020-09 | J48: =datedif(I48,H48,"m") -> 0
A49: a1515915625520626799 | B49: purchase | C49: computers.components.videocards | D49: msi | E49: 215.06 | F49: 44102 | G49: =VLOOKUP(A49,first_purchase_date!A:B,2,false) -> 44102 | H49: =text(F49,"yyyy-mm") -> 2020-09 | I49: =text(G49,"yyyy-mm") -> 2020-09 | J49: =datedif(I49,H49,"m") -> 0
A50: a1515915625520626799 | B50: purchase | C50: computers.components.videocards | D50: gigabyte | E50: 202.67 | F50: 44102 | G50: =VLOOKUP(A50,first_purchase_date!A:B,2,false) -> 44102 | H50: =text(F50,"yyyy-mm") -> 2020-09 | I50: =text(G50,"yyyy-mm") -> 2020-09 | J50: =datedif(I50,H50,"m") -> 0
A51: a1515915625520230306 | B51: purchase | C51: electronics.telephone | E51: 43.33 | F51: 44102 | G51: =VLOOKUP(A51,first_purchase_date!A:B,2,false) -> 44102 | H51: =text(F51,"yyyy-mm") -> 2020-09 | I51: =text(G51,"yyyy-mm") -> 2020-09 | J51: =datedif(I51,H51,"m") -> 0
A52: a1515915625520230306 | B52: purchase | C52: electronics.telephone | E52: 43.33 | F52: 44102 | G52: =VLOOKUP(A52,first_purchase_date!A:B,2,false) -> 44102 | H52: =text(F52,"yyyy-mm") -> 2020-09 | I52: =text(G52,"yyyy-mm") -> 2020-09 | J52: =datedif(I52,H52,"m") -> 0
A53: a1515915625520230306 | B53: purchase | C53: electronics.telephone | E53: 43.33 | F53: 44102 | G53: =VLOOKUP(A53,first_purchase_date!A:B,2,false) -> 44102 | H53: =text(F53,"yyyy-mm") -> 2020-09 | I53: =text(G53,"yyyy-mm") -> 2020-09 | J53: =datedif(I53,H53,"m") -> 0
A54: a1515915625520646233 | B54: purchase | C54: computers.peripherals.camera | D54: logitech | E54: 53.51 | F54: 44102 | G54: =VLOOKUP(A54,first_purchase_date!A:B,2,false) -> 44102 | H54: =text(F54,"yyyy-mm") -> 2020-09 | I54: =text(G54,"yyyy-mm") -> 2020-09 | J54: =datedif(I54,H54,"m") -> 0
A55: a1515915625520646233 | B55: purchase | C55: computers.peripherals.camera | D55: logitech | E55: 53.51 | F55: 44102 | G55: =VLOOKUP(A55,first_purchase_date!A:B,2,false) -> 44102 | H55: =text(F55,"yyyy-mm") -> 2020-09 | I55: =text(G55,"yyyy-mm") -> 2020-09 | J55: =datedif(I55,H55,"m") -> 0
A56: a1515915625520646233 | B56: purchase | C56: computers.peripherals.camera | D56: logitech | E56: 53.51 | F56: 44102 | G56: =VLOOKUP(A56,first_purchase_date!A:B,2,false) -> 44102 | H56: =text(F56,"yyyy-mm") -> 2020-09 | I56: =text(G56,"yyyy-mm") -> 2020-09 | J56: =datedif(I56,H56,"m") -> 0
A57: a1515915625520230306 | B57: purchase | C57: electronics.telephone | E57: 43.33 | F57: 44102 | G57: =VLOOKUP(A57,first_purchase_date!A:B,2,false) -> 44102 | H57: =text(F57,"yyyy-mm") -> 2020-09 | I57: =text(G57,"yyyy-mm") -> 2020-09 | J57: =datedif(I57,H57,"m") -> 0
A58: a1515915625520658368 | B58: purchase | C58: computers.notebook | D58: pitatel | E58: 36.67 | F58: 44102 | G58: =VLOOKUP(A58,first_purchase_date!A:B,2,false) -> 44102 | H58: =text(F58,"yyyy-mm") -> 2020-09 | I58: =text(G58,"yyyy-mm") -> 2020-09 | J58: =datedif(I58,H58,"m") -> 0
A59: a1515915625520658368 | B59: purchase | C59: computers.notebook | D59: pitatel | E59: 36.67 | F59: 44102 | G59: =VLOOKUP(A59,first_purchase_date!A:B,2,false) -> 44102 | H59: =text(F59,"yyyy-mm") -> 2020-09 | I59: =text(G59,"yyyy-mm") -> 2020-09 | J59: =datedif(I59,H59,"m") -> 0
A60: a1515915625520658368 | B60: purchase | C60: computers.notebook | D60: pitatel | E60: 36.67 | F60: 44102 | G60: =VLOOKUP(A60,first_purchase_date!A:B,2,false) -> 44102 | H60: =text(F60,"yyyy-mm") -> 2020-09 | I60: =text(G60,"yyyy-mm") -> 2020-09 | J60: =datedif(I60,H60,"m") -> 0
A61: a1515915625520677724 | B61: purchase | D61: huter | E61: 395.54 | F61: 44103 | G61: =VLOOKUP(A61,first_purchase_date!A:B,2,false) -> 44103 | H61: =text(F61,"yyyy-mm") -> 2020-09 | I61: =text(G61,"yyyy-mm") -> 2020-09 | J61: =datedif(I61,H61,"m") -> 0
A62: a1515915625520756318 | B62: purchase | C62: electronics.telephone | D62: sirius | E62: 23.48 | F62: 44103 | G62: =VLOOKUP(A62,first_purchase_date!A:B,2,false) -> 44103 | H62: =text(F62,"yyyy-mm") -> 2020-09 | I62: =text(G62,"yyyy-mm") -> 2020-09 | J62: =datedif(I62,H62,"m") -> 0
A63: a1515915625355805313 | B63: purchase | C63: appliances.sewing_machine | D63: janome | E63: 314.97 | F63: 44103 | G63: =VLOOKUP(A63,first_purchase_date!A:B,2,false) -> 44103 | H63: =text(F63,"yyyy-mm") -> 2020-09 | I63: =text(G63,"yyyy-mm") -> 2020-09 | J63: =datedif(I63,H63,"m") -> 0
A64: a1515915625511258041 | B64: purchase | C64: electronics.tablet | D64: digma | E64: 107.79 | F64: 44103 | G64: =VLOOKUP(A64,first_purchase_date!A:B,2,false) -> 44103 | H64: =text(F64,"yyyy-mm") -> 2020-09 | I64: =text(G64,"yyyy-mm") -> 2020-09 | J64: =datedif(I64,H64,"m") -> 0
A65: a1515915625511258041 | B65: purchase | C65: electronics.tablet | D65: digma | E65: 107.79 | F65: 44103 | G65: =VLOOKUP(A65,first_purchase_date!A:B,2,false) -> 44103 | H65: =text(F65,"yyyy-mm") -> 2020-09 | I65: =text(G65,"yyyy-mm") -> 2020-09 | J65: =datedif(I65,H65,"m") -> 0
A66: a1515915625511258041 | B66: purchase | C66: electronics.tablet | D66: digma | E66: 107.79 | F66: 44103 | G66: =VLOOKUP(A66,first_purchase_date!A:B,2,false) -> 44103 | H66: =text(F66,"yyyy-mm") -> 2020-09 | I66: =text(G66,"yyyy-mm") -> 2020-09 | J66: =datedif(I66,H66,"m") -> 0
A67: a1515915625520734497 | B67: purchase | C67: computers.components.motherboard | D67: asus | E67: 64.48 | F67: 44103 | G67: =VLOOKUP(A67,first_purchase_date!A:B,2,false) -> 44103 | H67: =text(F67,"yyyy-mm") -> 2020-09 | I67: =text(G67,"yyyy-mm") -> 2020-09 | J67: =datedif(I67,H67,"m") -> 0
A68: a1515915625520734497 | B68: purchase | C68: computers.components.motherboard | D68: asus | E68: 64.48 | F68: 44103 | G68: =VLOOKUP(A68,first_purchase_date!A:B,2,false) -> 44103 | H68: =text(F68,"yyyy-mm") -> 2020-09 | I68: =text(G68,"yyyy-mm") -> 2020-09 | J68: =datedif(I68,H68,"m") -> 0
A69: a1515915625505008297 | B69: purchase | C69: computers.peripherals.wifi | D69: ubiquiti | E69: 155.43 | F69: 44103 | G69: =VLOOKUP(A69,first_purchase_date!A:B,2,false) -> 44103 | H69: =text(F69,"yyyy-mm") -> 2020-09 | I69: =text(G69,"yyyy-mm") -> 2020-09 | J69: =datedif(I69,H69,"m") -> 0
A70: a1515915625355805313 | B70: purchase | C70: appliances.sewing_machine | D70: janome | E70: 314.97 | F70: 44103 | G70: =VLOOKUP(A70,first_purchase_date!A:B,2,false) -> 44103 | H70: =text(F70,"yyyy-mm") -> 2020-09 | I70: =text(G70,"yyyy-mm") -> 2020-09 | J70: =datedif(I70,H70,"m") -> 0
A71: a1515915625505008297 | B71: purchase | C71: computers.peripherals.wifi | D71: ubiquiti | E71: 155.43 | F71: 44103 | G71: =VLOOKUP(A71,first_purchase_date!A:B,2,false) -> 44103 | H71: =text(F71,"yyyy-mm") -> 2020-09 | I71: =text(G71,"yyyy-mm") -> 2020-09 | J71: =datedif(I71,H71,"m") -> 0
A72: a1515915625520679716 | B72: purchase | C72: computers.components.videocards | D72: gigabyte | E72: 182.81 | F72: 44103 | G72: =VLOOKUP(A72,first_purchase_date!A:B,2,false) -> 44103 | H72: =text(F72,"yyyy-mm") -> 2020-09 | I72: =text(G72,"yyyy-mm") -> 2020-09 | J72: =datedif(I72,H72,"m") -> 0
A73: a1515915625520679716 | B73: purchase | C73: computers.components.videocards | D73: gigabyte | E73: 182.81 | F73: 44103 | G73: =VLOOKUP(A73,first_purchase_date!A:B,2,false) -> 44103 | H73: =text(F73,"yyyy-mm") -> 2020-09 | I73: =text(G73,"yyyy-mm") -> 2020-09 | J73: =datedif(I73,H73,"m") -> 0
... A81: a1515915625520679716 | B81: purchase | C81: computers.components.videocards | D81: gigabyte | E81: 182.81 | F81: 44103 | G81: =VLOOKUP(A81,first_purchase_date!A:B,2,false) -> 44103 | H81: =text(F81,"yyyy-mm") -> 2020-09 | I81: =text(G81,"yyyy-mm") -> 2020-09 | J81: =datedif(I81,H81,"m") -> 0
A82: a1515915625520913760 | B82: purchase | E82: 15.56 | F82: 44103 | G82: =VLOOKUP(A82,first_purchase_date!A:B,2,false) -> 44103 | H82: =text(F82,"yyyy-mm") -> 2020-09 | I82: =text(G82,"yyyy-mm") -> 2020-09 | J82: =datedif(I82,H82,"m") -> 0
A83: a1515915625520913760 | B83: purchase | E83: 15.56 | F83: 44103 | G83: =VLOOKUP(A83,first_purchase_date!A:B,2,false) -> 44103 | H83: =text(F83,"yyyy-mm") -> 2020-09 | I83: =text(G83,"yyyy-mm") -> 2020-09 | J83: =datedif(I83,H83,"m") -> 0
A84: a1515915625520913760 | B84: purchase | E84: 15.56 | F84: 44103 | G84: =VLOOKUP(A84,first_purchase_date!A:B,2,false) -> 44103 | H84: =text(F84,"yyyy-mm") -> 2020-09 | I84: =text(G84,"yyyy-mm") -> 2020-09 | J84: =datedif(I84,H84,"m") -> 0
A85: a1515915625520913760 | B85: purchase | E85: 15.56 | F85: 44103 | G85: =VLOOKUP(A85,first_purchase_date!A:B,2,false) -> 44103 | H85: =text(F85,"yyyy-mm") -> 2020-09 | I85: =text(G85,"yyyy-mm") -> 2020-09 | J85: =datedif(I85,H85,"m") -> 0
A86: a1515915625503751892 | B86: purchase | C86: appliances.environment.vacuum | D86: topon | E86: 35.87 | F86: 44103 | G86: =VLOOKUP(A86,first_purchase_date!A:B,2,false) -> 44098 | H86: =text(F86,"yyyy-mm") -> 2020-09 | I86: =text(G86,"yyyy-mm") -> 2020-09 | J86: =datedif(I86,H86,"m") -> 0
A87: a1515915625505008297 | B87: purchase | C87: computers.peripherals.wifi | D87: ubiquiti | E87: 155.43 | F87: 44103 | G87: =VLOOKUP(A87,first_purchase_date!A:B,2,false) -> 44103 | H87: =text(F87,"yyyy-mm") -> 2020-09 | I87: =text(G87,"yyyy-mm") -> 2020-09 | J87: =datedif(I87,H87,"m") -> 0
A88: a1515915625520954121 | B88: purchase | C88: appliances.steam_cleaner | D88: bort | E88: 136.92 | F88: 44103 | G88: =VLOOKUP(A88,first_purchase_date!A:B,2,false) -> 44103 | H88: =text(F88,"yyyy-mm") -> 2020-09 | I88: =text(G88,"yyyy-mm") -> 2020-09 | J88: =datedif(I88,H88,"m") -> 0
A89: a1515915625520975628 | B89: purchase | D89: topon | E89: 28.1 | F89: 44103 | G89: =VLOOKUP(A89,first_purchase_date!A:B,2,false) -> 44103 | H89: =text(F89,"yyyy-mm") -> 2020-09 | I89: =text(G89,"yyyy-mm") -> 2020-09 | J89: =datedif(I89,H89,"m") -> 0
A90: a1515915625385888878 | B90: purchase | C90: stationery.cartrige | D90: cactus | E90: 24.73 | F90: 44104 | G90: =VLOOKUP(A90,first_purchase_date!A:B,2,false) -> 44099 | H90: =text(F90,"yyyy-mm") -> 2020-09 | I90: =text(G90,"yyyy-mm") -> 2020-09 | J90: =datedif(I90,H90,"m") -> 0
A91: a1515915625385888878 | B91: purchase | C91: stationery.cartrige | D91: cactus | E91: 24.73 | F91: 44104 | G91: =VLOOKUP(A91,first_purchase_date!A:B,2,false) -> 44099 | H91: =text(F91,"yyyy-mm") -> 2020-09 | I91: =text(G91,"yyyy-mm") -> 2020-09 | J91: =datedif(I91,H91,"m") -> 0
A92: a1515915625385888878 | B92: purchase | C92: stationery.cartrige | D92: cactus | E92: 24.73 | F92: 44104 | G92: =VLOOKUP(A92,first_purchase_date!A:B,2,false) -> 44099 | H92: =text(F92,"yyyy-mm") -> 2020-09 | I92: =text(G92,"yyyy-mm") -> 2020-09 | J92: =datedif(I92,H92,"m") -> 0
A93: a1515915625385888878 | B93: purchase | C93: stationery.cartrige | D93: cactus | E93: 24.73 | F93: 44104 | G93: =VLOOKUP(A93,first_purchase_date!A:B,2,false) -> 44099 | H93: =text(F93,"yyyy-mm") -> 2020-09 | I93: =text(G93,"yyyy-mm") -> 2020-09 | J93: =datedif(I93,H93,"m") -> 0
A94: a1515915625521062465 | B94: purchase | C94: stationery.cartrige | D94: nv-print | E94: 21.21 | F94: 44104 | G94: =VLOOKUP(A94,first_purchase_date!A:B,2,false) -> 44104 | H94: =text(F94,"yyyy-mm") -> 2020-09 | I94: =text(G94,"yyyy-mm") -> 2020-09 | J94: =datedif(I94,H94,"m") -> 0
A95: a1515915625521062465 | B95: purchase | C95: stationery.cartrige | D95: nv-print | E95: 21.21 | F95: 44104 | G95: =VLOOKUP(A95,first_purchase_date!A:B,2,false) -> 44104 | H95: =text(F95,"yyyy-mm") -> 2020-09 | I95: =text(G95,"yyyy-mm") -> 2020-09 | J95: =datedif(I95,H95,"m") -> 0
A96: a1515915625521062465 | B96: purchase | C96: stationery.cartrige | D96: nv-print | E96: 21.21 | F96: 44104 | G96: =VLOOKUP(A96,first_purchase_date!A:B,2,false) -> 44104 | H96: =text(F96,"yyyy-mm") -> 2020-09 | I96: =text(G96,"yyyy-mm") -> 2020-09 | J96: =datedif(I96,H96,"m") -> 0
A97: a1515915625521068542 | B97: purchase | C97: electronics.telephone | E97: 28.41 | F97: 44104 | G97: =VLOOKUP(A97,first_purchase_date!A:B,2,false) -> 44104 | H97: =text(F97,"yyyy-mm") -> 2020-09 | I97: =text(G97,"yyyy-mm") -> 2020-09 | J97: =datedif(I97,H97,"m") -> 0
A98: a1515915625521068542 | B98: purchase | C98: electronics.telephone | E98: 28.41 | F98: 44104 | G98: =VLOOKUP(A98,first_purchase_date!A:B,2,false) -> 44104 | H98: =text(F98,"yyyy-mm") -> 2020-09 | I98: =text(G98,"yyyy-mm") -> 2020-09 | J98: =datedif(I98,H98,"m") -> 0
A99: a1515915625521068542 | B99: purchase | C99: electronics.video.tv | D99: lg | E99: 418.02 | F99: 44104 | G99: =VLOOKUP(A99,first_purchase_date!A:B,2,false) -> 44104 | H99: =text(F99,"yyyy-mm") -> 2020-09 | I99: =text(G99,"yyyy-mm") -> 2020-09 | J99: =datedif(I99,H99,"m") -> 0
A100: a1515915625521281502 | B100: purchase | C100: electronics.telephone | E100: 12.7 | F100: 44105 | G100: =VLOOKUP(A100,first_purchase_date!A:B,2,false) -> 44105 | H100: =text(F100,"yyyy-mm") -> 2020-10 | I100: =text(G100,"yyyy-mm") -> 2020-10 | J100: =datedif(I100,H100,"m") -> 0
A101: a1515915625521281502 | B101: purchase | C101: electronics.telephone | E101: 28.41 | F101: 44105 | G101: =VLOOKUP(A101,first_purchase_date!A:B,2,false) -> 44105 | H101: =text(F101,"yyyy-mm") -> 2020-10 | I101: =text(G101,"yyyy-mm") -> 2020-10 | J101: =datedif(I101,H101,"m") -> 0
A102: a1515915625521281502 | B102: purchase | C102: electronics.telephone | E102: 12.7 | F102: 44105 | G102: =VLOOKUP(A102,first_purchase_date!A:B,2,false) -> 44105 | H102: =text(F102,"yyyy-mm") -> 2020-10 | I102: =text(G102,"yyyy-mm") -> 2020-10 | J102: =datedif(I102,H102,"m") -> 0
A103: a1515915625521281502 | B103: purchase | C103: electronics.telephone | E103: 28.41 | F103: 44105 | G103: =VLOOKUP(A103,first_purchase_date!A:B,2,false) -> 44105 | H103: =text(F103,"yyyy-mm") -> 2020-10 | I103: =text(G103,"yyyy-mm") -> 2020-10 | J103: =datedif(I103,H103,"m") -> 0
A104: a1515915625385482819 | B104: purchase | C104: electronics.audio.acoustic | D104: pioneer | E104: 71.59 | F104: 44105 | G104: =VLOOKUP(A104,first_purchase_date!A:B,2,false) -> 44105 | H104: =text(F104,"yyyy-mm") -> 2020-10 | I104: =text(G104,"yyyy-mm") -> 2020-10 | J104: =datedif(I104,H104,"m") -> 0
A105: a1515915625385482819 | B105: purchase | C105: electronics.audio.acoustic | D105: pioneer | E105: 71.59 | F105: 44105 | G105: =VLOOKUP(A105,first_purchase_date!A:B,2,false) -> 44105 | H105: =text(F105,"yyyy-mm") -> 2020-10 | I105: =text(G105,"yyyy-mm") -> 2020-10 | J105: =datedif(I105,H105,"m") -> 0
A106: a1515915625385482819 | B106: purchase | C106: electronics.audio.acoustic | D106: pioneer | E106: 71.59 | F106: 44105 | G106: =VLOOKUP(A106,first_purchase_date!A:B,2,false) -> 44105 | H106: =text(F106,"yyyy-mm") -> 2020-10 | I106: =text(G106,"yyyy-mm") -> 2020-10 | J106: =datedif(I106,H106,"m") -> 0
A107: a1515915625385482819 | B107: purchase | C107: electronics.audio.acoustic | D107: pioneer | E107: 71.59 | F107: 44105 | G107: =VLOOKUP(A107,first_purchase_date!A:B,2,false) -> 44105 | H107: =text(F107,"yyyy-mm") -> 2020-10 | I107: =text(G107,"yyyy-mm") -> 2020-10 | J107: =datedif(I107,H107,"m") -> 0
A108: a1515915625385482819 | B108: purchase | C108: electronics.audio.acoustic | D108: pioneer | E108: 71.59 | F108: 44105 | G108: =VLOOKUP(A108,first_purchase_date!A:B,2,false) -> 44105 | H108: =text(F108,"yyyy-mm") -> 2020-10 | I108: =text(G108,"yyyy-mm") -> 2020-10 | J108: =datedif(I108,H108,"m") -> 0
A109: a1515915625385482819 | B109: purchase | C109: electronics.audio.acoustic | D109: pioneer | E109: 71.59 | F109: 44105 | G109: =VLOOKUP(A109,first_purchase_date!A:B,2,false) -> 44105 | H109: =text(F109,"yyyy-mm") -> 2020-10 | I109: =text(G109,"yyyy-mm") -> 2020-10 | J109: =datedif(I109,H109,"m") -> 0
A110: a1515915625519417750 | B110: purchase | C110: computers.network.router | D110: d-link | E110: 53.14 | F110: 44105 | G110: =VLOOKUP(A110,first_purchase_date!A:B,2,false) -> 44105 | H110: =text(F110,"yyyy-mm") -> 2020-10 | I110: =text(G110,"yyyy-mm") -> 2020-10 | J110: =datedif(I110,H110,"m") -> 0
A111: a1515915625519417750 | B111: purchase | C111: computers.network.router | D111: d-link | E111: 53.14 | F111: 44105 | G111: =VLOOKUP(A111,first_purchase_date!A:B,2,false) -> 44105 | H111: =text(F111,"yyyy-mm") -> 2020-10 | I111: =text(G111,"yyyy-mm") -> 2020-10 | J111: =datedif(I111,H111,"m") -> 0
A112: a1515915625519417750 | B112: purchase | C112: computers.network.router | D112: d-link | E112: 53.14 | F112: 44105 | G112: =VLOOKUP(A112,first_purchase_date!A:B,2,false) -> 44105 | H112: =text(F112,"yyyy-mm") -> 2020-10 | I112: =text(G112,"yyyy-mm") -> 2020-10 | J112: =datedif(I112,H112,"m") -> 0
...

Sheet first_purchase_date

Sheet raw_user_activity
A1: user_id | B1: event_type | C1: category_code | D1: brand | E1: price | F1: event_date
A2: a1515915625519014356 | B2: view | C2: computers.peripherals.printer | D2: pantum | E2: 113.81 | F2: 44098
A3: a1515915625519392599 | B3: view | C3: stationery.cartrige | D3: lomond | E3: 8.35 | F3: 44098
A4: a1515915625369253995 | B4: view | C4: construction.tools.welding | E4: 250.63 | F4: 44098
A5: a1515915625369253995 | B5: view | C5: construction.tools.welding | E5: 250.63 | F5: 44098
A6: a1515915625519410002 | B6: view | C6: computers.desktop | D6: steelseries | E6: 58.49 | F6: 44098
A7: a1515915625519413944 | B7: view | C7: appliances.kitchen.microwave | D7: samsung | E7: 130.11 | F7: 44098
A8: a1515915625519397646 | B8: view | C8: computers.peripherals.camera | D8: logitech | E8: 123.35 | F8: 44098
A9: a1515915625519397646 | B9: shopping_cart | C9: computers.peripherals.camera | D9: logitech | E9: 123.35 | F9: 44098
A10: a1515915625519397646 | B10: purchase | C10: computers.peripherals.camera | D10: logitech | E10: 123.35 | F10: 44098
A11: a1515915625519397646 | B11: view | C11: computers.peripherals.camera | D11: logitech | E11: 123.35 | F11: 44098
A12: a1515915625519417750 | B12: view | C12: computers.network.router | D12: d-link | E12: 53.14 | F12: 44098
A13: a1515915625519397646 | B13: shopping_cart | C13: computers.peripherals.camera | D13: logitech | E13: 123.35 | F13: 44098
A14: a1515915625519397646 | B14: purchase | C14: computers.peripherals.camera | D14: logitech | E14: 123.35 | F14: 44098
A15: a1515915625519397646 | B15: purchase | C15: computers.peripherals.camera | D15: logitech | E15: 123.35 | F15: 44098
A16: a1515915625358482476 | B16: view | C16: computers.components.tv_tuner | D16: perfeo | E16: 19.49 | F16: 44098
A17: a1515915625358482476 | B17: shopping_cart | C17: computers.components.tv_tuner | D17: perfeo | E17: 19.49 | F17: 44098
... A21: a1515915625519443407 | B21: view | C21: computers.components.motherboard | D21: asrock | E21: 77.73 | F21: 44098
A22: a1515915625519446240 | B22: view | D22: formula | E22: 35.54 | F22: 44098
A23: a1515915625519452732 | B23: view | C23: computers.notebook | D23: hp | E23: 27.62 | F23: 44098
A24: a1515915625519460662 | B24: view | C24: computers.peripherals.joystick | D24: logitech | E24: 162.51 | F24: 44098
A25: a1515915625519460662 | B25: shopping_cart | C25: computers.peripherals.joystick | D25: logitech | E25: 162.51 | F25: 44098
A26: a1515915625519460662 | B26: view | C26: computers.peripherals.joystick | D26: logitech | E26: 162.51 | F26: 44098
A27: a1515915625519460662 | B27: view | C27: computers.peripherals.joystick | D27: logitech | E27: 193.98 | F27: 44098
A28: a1515915625519463641 | B28: view | C28: stationery.cartrige | D28: hp | E28: 71.02 | F28: 44098
A29: a1515915625519463641 | B29: view | C29: stationery.cartrige | D29: hp | E29: 71.02 | F29: 44098
A30: a1515915625517481778 | B30: view | E30: 29.24 | F30: 44098
A31: a1515915625519463641 | B31: shopping_cart | C31: stationery.cartrige | D31: hp | E31: 71.02 | F31: 44098
A32: a1515915625517481778 | B32: view | E32: 29.24 | F32: 44098
A33: a1515915625355805313 | B33: view | C33: appliances.sewing_machine | D33: janome | E33: 470.38 | F33: 44098
A34: a1515915625517481778 | B34: view | E34: 29.24 | F34: 44098
A35: a1515915625355805313 | B35: view | C35: appliances.sewing_machine | D35: janome | E35: 314.97 | F35: 44098
A36: a1515915625517481778 | B36: view | E36: 29.24 | F36: 44098
A37: a1515915625519463641 | B37: purchase | C37: stationery.cartrige | D37: hp | E37: 71.02 | F37: 44098
A38: a1515915625519463641 | B38: purchase | C38: stationery.cartrige | D38: hp | E38: 71.02 | F38: 44098
A39: a1515915625519463641 | B39: purchase | C39: stationery.cartrige | D39: hp | E39: 71.02 | F39: 44098
A40: a1515915625519479471 | B40: view | C40: electronics.telephone | D40: samsung | E40: 798.37 | F40: 44098
A41: a1515915625519479471 | B41: view | C41: electronics.telephone | D41: leeco | E41: 104.13 | F41: 44098
A42: a1515915625503751892 | B42: view | C42: appliances.environment.vacuum | D42: topon | E42: 35.87 | F42: 44098
A43: a1515915625503751892 | B43: view | C43: appliances.environment.vacuum | D43: topon | E43: 35.87 | F43: 44098
A44: a1515915625503751892 | B44: shopping_cart | C44: appliances.environment.vacuum | D44: topon | E44: 35.87 | F44: 44098
A45: a1515915625503751892 | B45: view | C45: appliances.environment.vacuum | D45: topon | E45: 35.87 | F45: 44098
A46: a1515915625519481333 | B46: view | C46: apparel.glove | D46: icasemore | E46: 12.06 | F46: 44098
A47: a1515915625503751892 | B47: view | C47: appliances.environment.vacuum | D47: topon | E47: 35.87 | F47: 44098
A48: a1515915625503751892 | B48: shopping_cart | C48: appliances.environment.vacuum | D48: topon | E48: 35.87 | F48: 44098
... A57: a1515915625519501606 | B57: shopping_cart | C57: computers.components.videocards | D57: asus | E57: 187.29 | F57: 44098
A58: a1515915625519508139 | B58: view | C58: construction.tools.soldering | E58: 70.43 | F58: 44098
A59: a1515915625519508139 | B59: view | C59: construction.tools.soldering | E59: 70.43 | F59: 44098
A60: a1515915625519508139 | B60: view | C60: construction.tools.soldering | E60: 70.43 | F60: 44098
A61: a1515915625519515516 | B61: view | C61: electronics.telephone | D61: gigaset | E61: 82.52 | F61: 44098
A62: a1515915625393382317 | B62: view | C62: computers.peripherals.monitor | D62: iiyama | E62: 136.35 | F62: 44098
A63: a1515915625519518119 | B63: view | C63: computers.peripherals.printer | E63: 7.63 | F63: 44098
A64: a1515915625519522389 | B64: view | E64: 75.48 | F64: 44098
A65: a1515915625519524411 | B65: view | C65: electronics.telephone | D65: sirius | E65: 26.56 | F65: 44098
A66: a1515915625519525241 | B66: view | D66: greenconnect | E66: 70.41 | F66: 44098
A67: a1515915625519525241 | B67: view | D67: greenconnect | E67: 70.41 | F67: 44098
A68: a1515915625519525597 | B68: view | C68: auto.accessories.compressor | D68: fubag | E68: 81.05 | F68: 44098
A69: a1515915625400314814 | B69: view | C69: electronics.video.tv | D69: philips | E69: 191.57 | F69: 44098
A70: a1515915625519532982 | B70: view | C70: electronics.telephone | D70: samsung | E70: 263.52 | F70: 44098
A71: a1515915625519536452 | B71: view | C71: appliances.environment.vacuum | D71: kelli | E71: 72.83 | F71: 44098
A72: a1515915625519536836 | B72: view | C72: auto.accessories.compressor | D72: p.i.t. | E72: 150.32 | F72: 44098
A73: a1515915625476168209 | B73: view | C73: computers.components.motherboard | D73: msi | E73: 357.43 | F73: 44098
A74: a1515915625519536836 | B74: view | C74: auto.accessories.compressor | D74: p.i.t. | E74: 150.32 | F74: 44098
A75: a1515915625519541797 | B75: view | D75: fly | E75: 13.65 | F75: 44098
A76: a1515915625519542519 | B76: view | E76: 11.9 | F76: 44098
A77: a1515915625519544675 | B77: view | C77: auto.accessories.compressor | D77: fubag | E77: 464.67 | F77: 44098
A78: a1515915625519545132 | B78: view | D78: transcend | E78: 15.52 | F78: 44098
A79: a1515915625519547831 | B79: view | C79: electronics.telephone | D79: sirius | E79: 20.63 | F79: 44098
A80: a1515915625519547831 | B80: shopping_cart | C80: electronics.telephone | D80: sirius | E80: 20.63 | F80: 44098
A81: a1515915625519547831 | B81: view | E81: 23.27 | F81: 44098
A82: a1515915625519547831 | B82: view | C82: electronics.telephone | D82: sirius | E82: 20.63 | F82: 44098
A83: a1515915625476168209 | B83: view | C83: computers.components.hdd | D83: seagate | E83: 108.86 | F83: 44098
A84: a1515915625519565627 | B84: view | C84: computers.components.cooler | D84: aerocool | E84: 13.4 | F84: 44099
A85: a1515915625519575007 | B85: view | C85: stationery.cartrige | D85: canon | E85: 43.11 | F85: 44099
A86: a1515915625518764802 | B86: view | C86: auto.accessories.player | D86: jvc | E86: 123.65 | F86: 44099
A87: a1515915625519586841 | B87: view | C87: electronics.telephone | E87: 32.22 | F87: 44099
A88: a1515915625519587389 | B88: view | D88: belsis | E88: 4.41 | F88: 44099
A89: a1515915625519593137 | B89: view | D89: xiaomi | E89: 16.51 | F89: 44099
A90: a1515915625415474736 | B90: view | C90: computers.components.videocards | D90: msi | E90: 205.25 | F90: 44099
A91: a1515915625519606616 | B91: view | D91: baofeng | E91: 40.78 | F91: 44099
A92: a1515915625519611798 | B92: view | C92: appliances.environment.air_heater | D92: timberk | E92: 49.6 | F92: 44099
A93: a1515915625355805313 | B93: view | C93: appliances.sewing_machine | D93: janome | E93: 242.48 | F93: 44099
A94: a1515915625355805313 | B94: view | C94: appliances.sewing_machine | D94: janome | E94: 236.08 | F94: 44099
A95: a1515915625355805313 | B95: view | C95: appliances.sewing_machine | D95: janome | E95: 314.97 | F95: 44099
A96: a1515915625517485702 | B96: view | C96: computers.components.cpu | D96: intel | E96: 177.79 | F96: 44099
A97: a1515915625517485702 | B97: shopping_cart | C97: computers.components.cpu | D97: intel | E97: 177.79 | F97: 44099
A98: a1515915625497469094 | B98: view | C98: computers.components.cooler | E98: 14.6 | F98: 44099
A99: a1515915625517485702 | B99: view | C99: computers.components.cpu | D99: intel | E99: 177.79 | F99: 44099
A100: a1515915625519625417 | B100: view | C100: computers.components.cpu | D100: amd | E100: 189.65 | F100: 44099
A101: a1515915625519624853 | B101: view | C101: electronics.video.tv_remote | E101: 23.81 | F101: 44099
A102: a1515915625518902767 | B102: view | C102: computers.notebook | D102: mobilepc | E102: 18.3 | F102: 44099
A103: a1515915625519629592 | B103: view | C103: construction.tools.drill | E103: 55.65 | F103: 44099
A104: a1515915625519630733 | B104: view | E104: 27.3 | F104: 44099
A105: a1515915625440823146 | B105: view | C105: stationery.cartrige | E105: 26.92 | F105: 44099
A106: a1515915625519636846 | B106: view | C106: kids.skates | D106: cactus | E106: 266.48 | F106: 44099
A107: a1515915625519636846 | B107: shopping_cart | C107: kids.skates | D107: cactus | E107: 266.48 | F107: 44099
A108: a1515915625519636846 | B108: view | C108: kids.skates | D108: cactus | E108: 266.48 | F108: 44099
A109: a1515915625519640028 | B109: view | C109: construction.tools.soldering | D109: element | E109: 37.62 | F109: 44099
A110: a1515915625385888878 | B110: view | C110: stationery.cartrige | D110: cactus | E110: 24.73 | F110: 44099
A111: a1515915625385888878 | B111: shopping_cart | C111: stationery.cartrige | D111: cactus | E111: 24.73 | F111: 44099
...
